date,AAA,BBB,CCC,DDD,EEE,FFF,GGG,HHH,III,JJJ
2021-01-04,5.083511099,99.59081748,32.25018913,1202.513269,2.005338686,100.3405197,494.7371716,59.07007943,8.08883122,149.5936391
2021-01-05,5.158086434,97.30954844,31.78934452,1197.808861,2.02841588,101.3864912,492.858167,59.23574664,8.177478521,148.6159924
2021-01-06,5.186829524,96.10663525,30.43493225,1190.465379,2.053170385,100.4508846,495.4560309,57.26492397,8.27837949,149.5928673
2021-01-07,5.300946136,95.73624185,29.91760864,1199.962905,2.048709437,100.6664656,505.3824881,56.5716649,8.184778345,149.8854365
2021-01-08,5.43853295,93.5949529,29.85566187,1241.073429,2.050536498,103.0964224,506.4774235,55.5131559,8.202886206,149.2192961
2021-01-11,5.347913214,91.1737844,29.23579732,1243.71651,2.092675455,105.9291631,510.9278285,55.11769064,8.399483322,149.2602897
2021-01-12,5.307900467,89.23943658,28.70057555,1243.108039,2.114521022,107.3907573,511.2503477,54.41565247,8.456865496,146.0882472
2021-01-13,5.178701697,88.20341115,28.60988998,1242.937909,2.08183895,108.7280065,509.3966043,53.95900166,8.443617882,143.6225785
2021-01-14,5.119170469,89.81828438,28.9613567,1234.914369,2.058955077,110.6878297,507.8862767,53.56435336,8.496112315,141.9021249
2021-01-15,5.077341397,90.66226817,29.50851086,1222.763283,2.041774167,111.1396647,504.3258752,53.31820864,8.524443884,136.7218244
2021-01-18,5.07570151,89.28411057,29.99067656,1270.328288,2.03173942,111.4131669,502.051099,53.90808471,8.432285502,132.1797576
2021-01-19,5.019186977,89.50557979,30.32740149,1276.979721,2.013374484,111.964939,507.0025123,54.98244505,8.39485403,128.2284949
2021-01-20,5.002953408,88.90397827,30.52739919,1315.105927,2.04939001,113.1919909,514.9643045,55.82966484,8.421310294,126.1228501
2021-01-21,5.075624405,89.63929981,30.06031524,1305.349269,2.056711274,113.597091,510.4554438,55.18875703,8.492562644,123.5256604
2021-01-22,5.122088821,91.33345347,29.38868712,1294.443011,2.044638498,112.6578134,509.6756624,55.17170184,8.447390964,120.6175244
2021-01-25,5.170110339,91.99321258,29.20220699,1257.058723,2.093200068,111.5028823,511.6381512,54.32716236,8.409107361,119.8075679
2021-01-26,5.193006749,91.53196854,29.31199541,1221.328808,2.120997436,109.0445328,507.4599428,54.1067719,8.456664795,117.8785526
2021-01-27,5.194833761,91.46253274,29.43147937,1231.492217,2.112746327,107.4353734,516.5267713,54.23937731,8.421694123,117.1054789
2021-01-28,5.222685392,91.61785453,29.62955708,1253.594583,2.098202571,105.6306895,511.9843324,54.48574865,8.268120857,113.0272231
2021-01-29,5.168568112,89.02988604,30.02753772,1251.606629,2.127246854,105.8711817,504.3185996,54.06165494,8.338704289,112.262699
2021-02-01,5.13039992,86.89411782,30.61783361,1237.648177,2.148388359,105.3500899,503.2371979,53.77681994,8.46347877,111.0029558
2021-02-02,5.187436828,84.24030578,31.15613417,1208.081136,2.1857669,104.8630346,499.2800079,52.75334157,8.519599199,111.2242077
2021-02-03,5.164909321,81.63567676,31.3191641,1180.446654,2.233645979,106.5731221,503.1690636,52.57092815,8.607387723,110.8831776
2021-02-04,5.138394141,79.42122596,31.67833363,1179.426748,2.282223,107.4268006,500.5030711,52.03425464,8.828930687,108.5974108
2021-02-05,5.076744012,77.75482552,32.19029529,1186.957636,2.241816273,105.4250417,498.9555512,51.55730047,8.892865771,105.0852782
2021-02-08,5.197509814,76.92551492,32.62125527,1205.699392,2.305675111,104.1900621,493.3567201,50.46103317,8.930103815,107.4827366
2021-02-09,5.322806095,75.43093433,32.43599256,1232.15666,2.300774066,104.0905207,481.9626214,50.28411438,9.015705749,108.5982004
2021-02-10,5.318313024,75.78498718,32.68643739,1250.155686,2.289501726,103.157598,483.3938592,48.98808152,8.980853318,109.8488409
2021-02-11,5.411493576,74.76951534,32.3215937,1238.296522,2.25096544,101.9841728,477.6060016,48.94880578,8.835958871,112.1292759
2021-02-12,5.527619085,74.11816056,32.37583091,1251.882306,2.25982802,102.3046267,472.7081343,49.16470385,8.660213544,112.9584495
2021-02-15,5.524467974,72.82867442,32.20534569,1253.121869,2.307837027,103.930443,468.1853049,49.76204593,8.739502616,115.0801518
2021-02-16,5.475009457,72.52551003,32.65260735,1269.98943,2.31199441,104.7885641,472.688295,50.3051624,8.661699356,114.9856514
2021-02-17,5.509288856,73.32358418,32.71026488,1253.929326,2.278250088,106.248137,469.5350777,49.87075453,8.613532374,113.4551903
2021-02-18,5.478786325,73.0030333,33.00593749,1286.871128,2.249716841,105.0137744,482.572228,50.01561114,8.686696248,112.8566524
2021-02-19,5.402482145,74.18040377,33.55445061,1299.930302,2.26444153,105.2379083,489.8489144,48.64968167,8.637505582,111.9482087
2021-02-22,5.445318379,74.87563075,34.02675988,1315.711136,2.255490336,104.3431406,486.5648428,48.23402781,8.531364281,110.7947921
2021-02-23,5.39047758,73.82257007,34.18202901,1335.180591,2.239564955,103.5841492,476.0645428,47.57671334,8.338357732,108.6227289
2021-02-24,5.355944022,74.32121051,33.99389238,1344.362839,2.240839791,103.7350036,469.4989721,47.97749778,8.384229301,106.1852646
2021-02-25,5.311287542,74.19476707,33.26083238,1350.182881,2.229613727,103.6675519,467.587948,46.80676068,8.553256019,104.9930504
2021-02-26,5.44572779,75.42078785,32.75304441,1338.555824,2.238276534,103.1536276,464.0255269,46.16251335,8.50472807,105.6849608
2021-03-01,5.46288314,76.19825136,32.51393281,1326.10839,2.256562111,102.636712,468.3451086,46.19984035,8.526644833,107.3720672
2021-03-02,5.531124797,75.35919992,32.6467894,1296.9805,2.320328635,99.68697235,472.3051166,45.72328886,8.676578491,105.9378225
2021-03-03,5.610919362,73.70775284,32.48624868,1306.1801,2.330790897,97.52154067,476.6670518,45.64820408,8.785719587,107.036364
2021-03-04,5.714249066,73.11011598,32.11730227,1315.460588,2.296820245,97.03286208,476.7613575,44.9965199,8.796293295,108.1276626
2021-03-05,5.70286622,71.42548744,31.96493889,1342.651514,2.246071783,97.38122587,480.0348645,44.46620034,8.80680452,108.1962165
2021-03-08,5.679024726,71.29913402,31.55888995,1319.327629,2.237635597,96.51831773,469.9246055,43.92662398,8.752177935,106.1414726
2021-03-09,5.6867438,70.84513779,31.49773448,1286.470413,2.189938071,94.54728775,465.9418736,44.09953611,8.812160019,103.8895182
2021-03-10,5.644318714,69.70035965,30.93520003,1298.590756,2.196502318,92.56526455,459.1339684,43.24857748,8.853897079,104.3938986
2021-03-11,5.611534027,69.77605571,30.57691804,1307.381862,2.187287867,90.3439249,450.9292739,43.69936944,8.880751129,104.0605888
2021-03-12,5.609711835,69.6116439,30.78556571,1313.029847,2.162645204,90.27997802,453.4259292,44.08156912,8.779997139,103.5110161
2021-03-15,5.701746277,69.23979867,30.60089164,1338.844405,2.157778257,88.93949589,455.5866002,43.55785291,8.759535481,103.9458612
2021-03-16,5.74587482,69.10441797,30.73716688,1383.408102,2.166656485,87.5377892,457.8003101,42.91036226,8.617200191,104.8930061
2021-03-17,5.708591743,69.97324636,30.94197348,1368.531687,2.14120877,85.6445563,457.0778192,42.89708044,8.544807475,106.180082
2021-03-18,5.726252825,69.20506281,31.09968287,1353.29404,2.11015114,85.97896401,462.819869,43.14447454,8.546283039,106.6638463
2021-03-19,5.786617264,68.3085762,31.30168717,1360.821765,2.109863581,86.04449363,466.7259282,42.42845132,8.505590401,108.4207225
2021-03-22,5.84614677,67.92401087,31.20221459,1332.009159,2.060590709,87.10810975,462.0151209,41.83750084,8.525631546,108.5607399
2021-03-23,5.999927978,65.61753555,31.43509447,1312.633762,2.054653136,88.15563347,462.6276428,41.4819095,8.45289661,109.5423065
2021-03-24,6.190866707,64.8018006,31.14873286,1288.456725,2.043398195,90.22857408,461.0905855,41.16384449,8.495949508,111.2041272
2021-03-25,6.32053656,65.06140774,30.81731313,1258.560688,2.044095446,90.6098892,467.6570499,41.82115218,8.645661961,110.478195
2021-03-26,6.383674558,65.25707286,31.00224101,1259.803621,2.022084659,92.40786272,478.7768597,41.73299798,8.867861819,107.9662334
2021-03-29,6.388454366,65.22119394,30.39830187,1268.668898,2.027830979,93.80638605,476.8326827,42.15829582,8.997556013,108.7253249
2021-03-30,6.22776219,67.54328902,29.83588275,1256.587405,1.992194459,93.25269441,475.4372501,43.47275977,8.991420551,109.9380041
2021-03-31,6.140200701,67.79458991,29.83747821,1251.819031,2.003671716,92.38116138,485.8230206,44.41460853,9.02620928,111.0482935
2021-04-01,6.080131772,67.76304659,29.41016702,1241.439961,1.979621767,93.33857571,492.7277658,43.58420694,9.208929771,109.9958947
2021-04-06,6.006919239,67.33672061,29.57218977,1226.318024,1.982870169,94.88313568,505.7479222,43.21310289,9.277900269,107.8215793
2021-04-07,5.994965659,66.75116617,29.78134499,1239.312172,1.995143752,95.04676302,509.3022105,43.25358513,9.245396105,107.1769544
2021-04-08,6.090851764,68.18598982,29.34711641,1286.168477,2.03103506,96.47489366,513.5954421,43.0604414,9.391133037,107.330087
2021-04-09,6.129439774,69.02638585,29.06071014,1295.691965,2.071228081,95.97083312,514.4996764,43.20232598,9.516323845,107.3110063
2021-04-12,6.019850417,68.9437891,29.03819736,1264.73367,2.091159997,98.40181083,520.4396274,41.77006167,9.560040763,107.8660373
2021-04-13,6.07396903,69.07401564,29.08869194,1249.104383,2.108777659,97.66704785,517.795418,41.74767222,9.650083044,106.4636849
2021-04-14,6.054642096,68.89781819,29.38824798,1225.301532,2.066258952,95.66670604,519.273848,41.51133009,9.675716125,106.7901868
2021-04-15,6.008968168,69.47381253,29.85659799,1206.413803,2.030092533,94.5201096,509.1747187,41.06131967,9.71068289,109.1663067
2021-04-16,5.974848357,69.52808416,29.97354566,1188.471282,2.010500461,96.13402585,500.2719142,41.36743507,9.805846632,111.1639517
2021-04-19,6.121688706,69.08752788,31.28548552,1173.527096,2.020254623,98.58494907,500.6680999,41.38621791,9.908136801,109.7887522
2021-04-20,6.150372228,68.08125786,31.72021634,1152.749856,2.035353217,101.1566448,487.1902584,41.32678608,9.936065218,111.6817895
2021-04-21,6.188203772,69.02677322,32.78758719,1138.932052,2.081463827,100.7653618,481.9079599,41.3353619,10.16262084,111.6460516
2021-04-22,6.140361167,69.10507691,33.040572,1124.682757,2.057342519,100.9097384,480.5947305,41.30306057,10.3125227,110.7290997
2021-04-23,6.123237056,70.01848289,32.49568315,1116.987852,2.021153565,99.28849523,482.1194349,41.30790078,10.52074127,112.127484
2021-04-26,6.105716242,72.45976682,32.72132861,1086.594284,2.03392258,99.80604156,475.3639942,40.67364112,10.63609823,111.6244242
2021-04-27,6.227233262,73.96812645,32.54658567,1065.232343,2.027888673,98.6673035,459.5732088,40.90604249,10.78059121,109.9797458
2021-04-28,6.161878989,73.66547531,32.5008354,1079.423617,2.01440011,97.15236055,457.4768052,40.69422636,10.90975878,111.5615966
2021-04-29,6.037035827,74.13337199,32.34990866,1065.621925,1.987996998,99.59082828,461.7159018,41.38013429,10.97878615,111.0535859
2021-04-30,5.968368483,72.78143015,32.05759956,1067.300735,2.000059879,100.5805177,461.1366555,42.26613795,10.87947353,111.8644836
2021-05-04,5.88187208,71.46302194,32.38155556,1072.862771,2.029265399,100.3676499,455.5313356,41.83303534,10.7096156,110.5789565
2021-05-05,5.729505468,70.7096843,32.77258277,1057.96995,2.062641242,99.01918294,443.5777033,41.78914969,10.70446477,110.260208
2021-05-06,5.657825784,70.17342902,33.49493813,1080.469255,2.076996981,100.8994778,449.5727929,41.35399644,10.49798264,110.8941383
2021-05-07,5.664519612,70.81982001,34.00169766,1078.527227,2.08686286,101.302002,456.9633009,41.46508801,10.37475159,111.9093331
2021-05-10,5.781554681,71.97120831,33.67652328,1065.712805,2.134187739,101.6872384,459.9836265,40.92600551,10.29965762,114.082714
2021-05-11,5.795469074,72.63763447,33.61511295,1073.229156,2.154274919,103.403687,459.9599221,41.00172816,10.27113964,114.9973854
2021-05-12,5.847808284,73.43861191,33.42806866,1084.239141,2.16762623,103.6008347,466.3989884,41.77817553,9.979643107,116.3901245
2021-05-13,5.933118279,73.87377307,33.53317628,1098.730122,2.152019815,103.0957382,471.3407804,41.84736995,9.900742473,119.09235
2021-05-14,5.96477162,74.60160592,33.17781293,1086.099197,2.114508916,101.8077312,468.9240067,41.55263351,10.13318664,119.416578
2021-05-17,5.995730959,73.28772604,32.8176311,1073.199215,2.087886556,100.46049,470.2385416,40.94958799,10.40961295,116.9236773
2021-05-18,6.014887464,73.78723496,32.66372688,1042.304215,2.077694905,101.7917688,475.619929,41.22675332,10.51693172,118.0585133
2021-05-19,5.988446795,75.15546711,32.19423047,1022.122875,2.079983989,102.5930339,487.6994557,41.27157604,10.63787927,116.6882184
2021-05-20,5.979512791,76.59733162,31.31305912,999.2980315,2.060335414,103.8585821,503.4809134,41.18017945,10.83964128,116.2423439
2021-05-21,5.954628112,78.81682171,31.19131828,1005.440182,2.054763857,105.5480753,505.1431688,39.9321206,10.73552605,117.560722
2021-05-24,6.159364381,80.75832354,31.16280596,1003.482004,2.042929661,106.9482179,505.0988192,39.46297062,10.59336667,120.138745
2021-05-25,6.073145749,80.75257217,32.02884921,1015.648523,2.008010829,108.5520016,504.8429379,39.62643081,10.42092929,119.1431044
2021-05-26,5.895208293,79.89058843,31.73510492,1013.548713,2.002864108,108.3397429,503.7819294,39.71440501,10.42500175,119.0668904
2021-05-27,5.755558399,80.00365574,32.05729829,1010.82027,2.003794983,107.6278377,506.0674075,39.74390032,10.53059665,119.7799049
2021-05-28,5.954628112,82.03116787,31.19131828,1005.440182,2.054763857,105.5480753,505.1431688,39.9321206,10.73552605,117.560722
2021-06-01,5.729118984,82.15210001,32.19182297,990.7673821,1.988177926,105.4753478,513.0580396,40.12722212,10.36986226,117.6606945
2021-06-02,5.687509542,83.08962555,32.16723742,998.9160789,1.977039778,104.0651701,514.5859006,39.54279233,10.25376635,115.1923414
2021-06-03,5.678271603,85.1570115,31.90241486,990.9443217,1.977986547,104.0136754,509.0288647,40.25105634,10.1235326,110.8891514
2021-06-04,5.709868688,86.16042477,31.90782488,997.0282461,1.963451813,103.5166798,501.1168197,41.0508958,10.3146845,109.5397063
2021-06-07,5.720477836,84.62250995,31.72232014,1003.19493,1.929154781,105.8979553,512.4632022,40.91271223,10.49044808,109.0955562
2021-06-08,5.650093152,84.21881707,32.33337558,1016.546246,1.921788888,106.7217625,503.9222288,40.86444042,10.56471988,107.3706645
2021-06-09,5.684205477,84.64614653,32.99294825,1006.152437,1.899241061,105.9843703,481.7890655,40.76287711,10.47138467,107.4968381
2021-06-10,5.608828241,85.57671117,33.1874907,1003.690569,1.905790987,109.0786201,487.7990037,41.35792168,10.6127384,108.0581436
2021-06-11,5.645408657,86.64144815,33.18468367,1004.191783,1.921763592,110.2190679,494.7429548,41.16288637,10.75924375,109.0164845
2021-06-14,5.674589852,86.90254328,33.23886002,1006.148786,1.914428009,113.7377177,494.928935,40.5626345,10.78249487,109.0248281
2021-06-15,5.519453036,83.92805216,33.12157993,1036.865897,1.940192153,113.1615761,495.4649176,40.53710645,10.77125348,110.2509032
2021-06-16,5.509118277,83.07333653,33.18888837,1050.026728,1.938201128,112.1687295,485.474656,41.6882191,10.68157834,111.1937223
2021-06-17,5.50637306,82.17117242,32.33632826,1039.883481,1.986881574,112.9564662,474.6665307,42.21869222,10.91887457,110.4693597
2021-06-18,5.418448243,83.81889918,32.45258536,1047.860946,1.989482633,113.1205168,475.0248383,42.36102804,11.10134012,110.0159868
2021-06-21,5.350964821,84.43252157,32.53601204,1063.339824,1.952015093,113.2193852,464.0330413,42.37655416,11.0729365,110.6589697
2021-06-22,5.29057837,85.02503085,33.12465356,1055.80001,1.92855632,112.8343182,467.7782524,43.35335197,11.23820639,109.4543504
2021-06-23,5.216593015,87.80483027,32.95438474,1044.531486,1.886215212,112.1300088,457.091827,43.38352412,11.45237306,109.9281578
2021-06-24,5.162681528,88.64866322,33.42581029,1028.896827,1.880291435,110.969784,448.5732148,42.39357885,11.57093476,112.1442163
2021-06-25,5.094292077,89.05747424,34.2532159,1021.387043,1.868433087,110.2794842,442.6327199,41.80715769,11.61748757,111.7676409
2021-06-28,5.163083885,88.8192545,35.02349557,1020.271408,1.874745891,110.3511521,447.7640262,41.74195584,11.75523384,113.3896103
2021-06-29,5.239994586,88.30982244,35.37525359,1012.812441,1.855410234,108.358239,449.8278531,42.52897361,11.67729656,114.1055132
2021-06-30,5.329129224,89.17661439,35.59885021,1013.517762,1.855364025,109.5226689,455.328979,42.95464515,11.57765183,114.6254973
2021-07-01,5.341156537,87.7655446,35.0490192,1016.17276,1.88420119,109.9360695,448.3617566,43.85685963,11.54724734,112.1033995
2021-07-02,5.464023128,89.61629796,35.23916451,1002.431186,1.887042653,111.0354598,455.5626623,43.83484369,11.59995836,110.8089975
2021-07-05,5.443329203,91.49728477,35.19521819,976.5772207,1.897319558,109.1212739,466.2499277,43.96400281,11.77684087,110.9703968
2021-07-06,5.45704961,94.50472499,34.98101149,956.2353115,1.929209601,110.6810076,457.6204599,45.34894713,11.6577781,112.3531821
2021-07-07,5.474860137,97.10913057,33.80944105,949.3050585,1.933091923,111.2561942,456.9828312,45.68140515,11.70699983,115.9650117
2021-07-08,5.446585663,97.2146557,33.78996121,937.2327067,1.918131848,110.0813264,457.2436871,46.10074113,11.74235904,117.171691
2021-07-09,5.401419906,94.65562718,33.32551263,919.8952801,1.891358752,107.4212913,452.204212,46.03662678,11.73890879,121.3835845
2021-07-12,5.350254929,95.25061187,33.24796094,900.0276214,1.897078002,106.7450441,466.4718511,45.68858655,11.82648215,123.1824998
2021-07-13,5.444799633,95.34193761,33.53007776,882.8112551,1.891697105,104.5174474,468.2142239,45.01698549,11.77319961,124.2147825
2021-07-14,5.461637413,94.05085044,33.56573044,862.225712,1.864231904,105.0604788,465.4221071,45.46291687,11.6988554,124.5928581
2021-07-15,5.571611722,93.25477215,33.31279181,870.1155452,1.832708191,104.9331696,462.4592436,45.94258279,11.83319142,124.743441
2021-07-16,5.58056672,91.98735842,33.11656084,867.6146694,1.839302523,104.8058235,451.7978818,45.72218244,11.73228928,123.1643005
2021-07-19,5.598260899,91.28594958,33.15444062,881.6578792,1.84899374,105.9034253,453.7970855,44.14536822,11.47746268,122.3587655
2021-07-20,5.584419499,91.42171328,33.23212355,883.6171034,1.83855747,103.784036,461.3630199,43.9882267,11.21047063,121.4257469
2021-07-21,5.589091017,89.51312469,32.51761382,865.0148573,1.844261481,102.5514279,461.2170925,42.21889277,11.11555826,121.8502216
2021-07-22,5.468607772,87.53232104,32.90176563,849.0104192,1.808177843,103.6202355,451.3808195,41.45060758,11.21399862,122.8979044
2021-07-23,5.382830359,88.97670718,33.43531522,851.977437,1.804160267,104.6050651,450.5605874,41.09909551,11.34014003,123.4148196
2021-07-26,5.320062488,90.66016681,33.87058335,848.7465874,1.808003005,104.597139,449.4469631,40.9335577,11.21906202,122.6391212
2021-07-27,5.233499376,89.95399046,34.02855623,834.5532384,1.82123113,103.2282854,451.9274766,41.09743937,11.0732879,127.7054633
2021-07-28,5.247469609,90.65290747,34.36189027,817.0947291,1.812817174,104.1872738,469.2838727,43.05565733,11.16636449,130.5702237
2021-07-29,5.328417144,90.72982152,35.64477746,819.1487505,1.789345272,105.2492148,476.4024969,43.99812608,11.12953654,128.6781623
2021-07-30,5.347244446,90.11743758,36.4253711,828.2116506,1.751474299,105.3963043,483.1137442,44.65247325,11.18950203,125.8284763
2021-08-02,5.341652557,89.21357539,36.24833193,835.2879641,1.74236647,103.8775429,484.8460884,45.11985251,11.32623001,126.9370479
2021-08-03,5.236674106,87.95384979,35.91453375,833.6436042,1.783496929,102.9106353,485.8008952,45.27215423,11.57354318,129.6390638
2021-08-04,5.180451858,88.5080283,36.03449846,836.6040356,1.775872554,102.7620401,493.7037367,45.31889777,11.58590996,128.4888862
2021-08-05,5.235640064,88.87782392,35.36856762,846.7395626,1.780533125,103.8491101,488.7891334,45.42562153,11.41410749,127.7376476
2021-08-06,5.270441544,89.17723457,35.11452914,857.9656154,1.786151092,102.6811382,487.7368789,45.55785806,11.57125746,127.3781765
2021-08-09,5.1587361,88.32981346,34.71831086,858.7632098,1.807426986,102.5863203,479.4572517,46.29447558,11.60194554,126.2450346
2021-08-10,5.243580345,87.90912756,34.82391699,867.6279421,1.841990955,102.0768317,469.2033811,46.69297624,11.60277039,126.3898453
2021-08-11,5.221437987,87.78881583,34.44029367,858.4070956,1.861512171,100.7253571,452.6086499,47.17710849,11.88583941,126.3607197
2021-08-12,5.243970759,88.11346116,34.17923302,851.8135488,1.87856809,101.4578166,445.0988429,46.82860854,11.82202227,126.6393277
2021-08-13,5.250603121,87.05023489,34.27734331,836.4609801,1.906348066,102.0794055,445.8481607,47.78406856,11.76879908,125.8866745
2021-08-16,5.271884961,86.48215213,34.32458758,830.0734402,1.925983544,102.6562744,443.3816148,48.15439267,11.65898929,123.3304308
2021-08-17,5.283009943,86.54861735,34.04716227,829.046924,1.933337288,102.5077921,443.4807991,48.3698284,11.40184655,123.6796553
2021-08-18,5.323938868,85.96737863,33.8169489,845.6445433,1.963184845,101.4105569,445.5238747,47.25602982,11.46320919,123.3716527
2021-08-19,5.437190932,87.26579,33.12755427,851.1779429,1.989730406,101.4627568,431.7660864,46.2616423,11.57229354,123.1397678
2021-08-20,5.399994426,88.37632017,33.46123839,853.1340287,2.00828318,103.6630194,426.3447967,45.58948039,11.56408214,122.3167682
2021-08-23,5.334165428,88.07635639,33.86474241,869.8690545,2.009801493,103.8245377,425.4225928,43.84002508,11.44948467,125.1323621
2021-08-24,5.23791018,86.62907799,33.96980952,874.6913772,1.996596784,104.2950964,424.0563121,42.88026253,11.35970899,124.5695308
2021-08-25,5.313135556,86.84531022,33.85172411,871.8313758,1.949241165,105.2360371,420.7316792,42.80283342,11.39410132,123.5050958
2021-08-26,5.257238861,88.36049436,34.16744644,863.9950879,1.936409961,104.9446742,425.7562102,42.94695681,11.51557385,122.4149334
2021-08-27,5.222254163,88.93747697,33.92852801,858.4240903,1.905070153,103.7704881,426.8168388,43.87597297,11.70255666,121.029953
2021-08-31,5.142280244,90.52189348,33.22981599,863.3965495,1.914407369,105.0547602,431.4304236,44.62735741,11.71630674,120.2255728
2021-09-01,5.043067899,90.46270203,33.18067319,859.6032363,1.895911097,105.4199737,428.2470488,44.33948732,11.89999621,118.5096552
2021-09-02,4.960872746,89.8272706,33.11493636,861.2169217,1.918605848,106.4402185,424.1230109,44.19850527,12.12407639,117.6261937
2021-09-03,4.935096614,89.59013319,32.94547013,869.4236792,1.946937242,107.6461831,428.3405231,43.64487623,12.06853433,117.1035156
2021-09-06,4.940333391,89.75915443,33.62863028,869.2760433,1.990025611,106.7767825,427.7585749,43.23389497,12.15593814,116.9401205
2021-09-07,5.038393332,92.70244093,33.72790375,886.1196738,2.034186184,107.4341162,423.5989498,43.19833369,12.16223297,120.779767
2021-09-08,4.975660853,95.48494108,32.94296802,873.6673502,2.026142704,107.9594609,418.9109827,43.45512397,12.14350609,121.618966
2021-09-09,4.962348389,97.50589549,32.53383824,870.6303329,2.031867606,108.6358602,411.5360993,44.14839763,12.24139176,122.8327872
2021-09-10,5.054989445,97.81272163,32.21992271,870.1870516,2.046103345,110.3263175,407.2778073,44.5666749,12.31820868,122.9590721
2021-09-13,5.168174793,97.68792448,31.92335002,863.7478922,2.041254333,111.9771485,404.4747167,44.98164235,12.27104694,122.7904669
2021-09-14,5.169516404,96.58330764,31.77875463,840.2719781,2.057203129,113.2130243,394.0269241,44.92957166,12.21207537,123.1359134
2021-09-15,5.204860791,96.88254115,31.71673328,824.0832086,2.101928373,115.0706318,386.8365033,44.38792376,12.13166823,125.7997585
2021-09-16,5.280441084,96.31249109,31.42739647,824.70451,2.11267693,114.4856009,382.1969115,43.86662732,12.2924183,126.8830632
2021-09-17,5.219849078,97.39381463,31.23242203,826.8049701,2.114697449,113.3534785,384.7310367,43.72097753,12.28042224,125.3709783
2021-09-20,5.142898391,97.65221626,30.43899802,830.0873846,2.120084932,112.6923841,375.4292233,43.07810309,12.10863905,124.0842568
2021-09-21,5.128523596,97.52331457,29.75618871,804.999068,2.11820777,113.2399842,367.9871576,42.78243505,12.10156747,126.2877421
2021-09-22,5.1554997,98.26552511,29.40580109,806.1417457,2.099877396,116.7026725,358.6229008,43.05747019,11.90771344,126.0505705
2021-09-23,5.263138343,98.04163577,29.21403985,806.4918782,2.076267833,115.3980477,357.5915252,43.64805028,11.85103831,127.7272146
2021-09-24,5.205616488,96.80328986,28.65309697,802.3752615,2.110058765,116.2289078,359.6269759,42.94752126,11.8491536,126.9747547
2021-09-27,5.237405277,94.94330258,29.30758682,818.431527,2.16378166,118.5647928,361.7808542,42.57042981,12.1060251,126.7487195
2021-09-28,5.326122301,95.15182677,30.11323763,803.5148031,2.156533733,119.8629902,364.2128006,42.29410243,12.52335432,123.5624744
2021-09-29,5.384363504,94.00154921,30.18043102,800.0295156,2.204935954,119.8197454,372.8063235,42.19315353,12.65538668,121.2713445
2021-09-30,5.442587855,94.64362565,29.80923996,789.6257078,2.219531575,119.097728,372.2882631,41.66430794,12.69472784,119.1899698
2021-10-01,5.501594272,94.02263028,30.04864807,789.217116,2.231858289,120.2748714,366.3507931,41.46658404,12.70986398,119.6478341
2021-10-04,5.237405277,94.94330258,29.30758682,781.2565854,2.16378166,118.5647928,361.7808542,42.57042981,12.1060251,126.7487195
2021-10-05,5.568798294,94.05094668,30.45567838,765.0357851,2.25753903,122.7305327,366.4122788,42.17376409,12.94203261,117.7938812
2021-10-06,5.616250096,91.46650474,30.00146564,771.0985092,2.292834817,123.3606191,370.0038775,42.13631253,12.94276983,117.0163052
2021-10-07,5.658600521,88.6706922,30.19293451,757.8791269,2.297387682,124.1218974,368.4176204,42.77161372,13.14887327,117.0216151
2021-10-08,5.738616462,88.76767024,29.78879586,753.4651792,2.325808302,124.0328356,369.0509656,43.73722056,13.23994201,118.617997
2021-10-11,5.743283567,87.76002307,29.80115269,751.0158168,2.337325898,123.7299863,366.4740324,43.67573831,13.24452582,121.3664955
2021-10-12,5.593670417,90.41038313,30.09702115,744.5004029,2.33140138,122.1214133,372.6199259,43.85498571,13.00395326,120.8613523
2021-10-13,5.615998654,91.74538638,30.0700869,734.4756364,2.363329008,122.6924024,377.9820933,44.63403809,13.03934642,121.9470155
2021-10-14,5.696319581,91.9457979,29.38088011,712.3012972,2.354032205,122.8946146,380.5995695,43.76820992,13.25354028,125.2566076
2021-10-15,5.679309332,90.64280838,29.10288918,687.5141339,2.356177137,121.2397029,379.2094476,43.9963641,13.26462027,128.8376331
2021-10-18,5.79019318,90.43640174,28.44327262,689.1176457,2.343405685,120.8108933,371.4182487,43.55521806,13.0617738,130.3432193
2021-10-19,5.949065016,91.24074753,28.31,682.5143245,2.368173082,120.5278772,373.6379713,44.11697684,12.78528038,131.1832385
2021-10-20,6.045074574,92.05067411,28.28769764,674.9252362,2.393295131,119.0885682,378.5794947,44.39760318,12.72251934,132.284564
2021-10-21,6.163930188,92.58591425,28.44513194,675.2625991,2.40150666,120.0871625,382.9791257,43.91007587,12.69542577,133.3473384
2021-10-22,6.280229367,93.34075158,29.02567211,668.0820718,2.413866027,118.5866756,389.4400495,43.45971588,12.81917313,131.2352402
2021-10-25,6.33979548,93.98764951,28.74820695,660.5101406,2.35717945,117.8171916,396.4579546,43.19883719,13.02391843,132.259068
2021-10-26,6.284194852,93.36051896,28.53297085,663.4402718,2.370190543,119.2814413,401.0912851,43.18438318,13.14587728,131.5958586
2021-10-27,6.336921494,92.13184736,28.47489832,655.3643064,2.397081936,119.8512394,405.497528,43.22686574,13.09977525,129.2501292
2021-10-28,6.28410415,91.21725817,28.62411539,659.4877083,2.420569846,118.8005614,406.6399386,43.3129754,13.15062081,129.353171
2021-10-29,6.298588711,90.64443656,27.94486352,666.1062388,2.423368019,119.5528619,410.7730849,43.69702244,13.33057204,130.3681345
2021-11-01,6.302563639,89.95611471,27.26694491,661.2104817,2.427449635,119.122563,403.6968483,43.47555134,13.3681003,129.9021721
2021-11-02,6.376389914,89.79659674,27.00291259,661.764006,2.396166749,118.9599524,396.0251391,43.10700366,13.39154271,130.2447409
2021-11-03,6.354637373,88.93682608,27.14434799,666.8977593,2.332524191,121.7111701,400.3908783,42.55350528,13.39375177,131.1898605
2021-11-04,6.461740328,87.93618989,27.34602554,664.5927597,2.31383497,121.9274299,396.3637668,42.55349049,13.51813372,128.1041022
2021-11-05,6.673410465,87.36816657,27.61954499,668.4295872,2.288998872,122.9513505,388.4496879,43.19404171,13.72676868,129.4172013
2021-11-08,6.776508252,85.08877209,27.8463693,682.7919123,2.251471932,124.9416542,397.2233714,42.47241972,13.93962318,130.0530206
2021-11-09,6.853555581,83.65954363,27.69835429,695.7413084,2.232852523,125.1789782,398.0145786,42.31610704,14.15861555,128.3321968
2021-11-10,6.806033629,83.58947551,27.35111076,701.0905195,2.234422396,125.5182739,398.8907501,42.91271726,14.31427666,125.1389655
2021-11-11,6.716696973,83.32658649,26.84524297,700.617952,2.238431745,127.6139726,397.5199524,43.32462462,13.94441321,127.8731292
2021-11-12,6.749974582,81.54548956,26.10626511,716.7951323,2.242397764,127.1107682,398.1582514,43.83050527,13.70421581,126.9555278
2021-11-15,,82.02534912,25.55201884,717.5514238,2.278787059,127.4234148,392.6968345,43.53145288,13.56084342,124.9800372
2021-11-16,6.578700413,83.24311102,25.16507395,706.8200651,2.240280962,129.2678954,382.6998811,43.74206592,13.15633053,122.4299752
2021-11-17,6.671716966,83.6940504,24.61250423,699.815408,2.232232786,128.9730237,379.3860635,43.48632024,13.12090917,120.8433711
2021-11-18,6.636548787,83.46871634,24.71771098,700.3380555,2.182139747,129.2318418,369.1862757,43.68207636,13.10440498,120.0572702
2021-11-19,6.568925971,83.50342691,24.64097695,700.0848765,2.196833394,130.7830657,365.2183067,43.27066704,13.38546227,118.7164758
2021-11-22,6.310188128,83.10784642,24.78743286,700.716577,2.233484959,,365.7363599,42.9776624,,117.1223628
2021-11-23,6.175661394,82.27855692,24.99950278,695.4920623,2.259982076,129.8455076,361.7935143,43.19719436,13.43533538,117.2481481
2021-11-24,6.093309798,,24.8108637,705.4728112,2.305883306,133.4690764,355.772227,,13.49566715,117.2834169
2021-11-25,6.018803638,81.5257341,24.96165131,720.2544722,2.333610555,,347.46123,43.2452439,13.65825406,117.0924729
2021-11-26,6.068430289,82.57431008,25.12789106,735.0191978,2.337448953,139.074765,351.2126835,42.89490211,13.56462059,
2021-11-29,,81.45999413,25.39727613,,2.316476948,141.03218,353.8458339,43.77568053,13.41060032,117.2151057
2021-11-30,6.152292462,79.47205831,25.55599193,740.1021362,2.311572545,140.5190504,358.5029304,43.37578517,13.26820735,116.7620749
2021-12-01,6.254214817,78.15773914,25.70767354,740.696688,2.325630491,139.7155642,370.0251929,43.38082956,13.2020023,115.3383344
2021-12-02,6.420680692,78.19108897,26.12306406,743.6228516,,138.6739805,381.0684795,42.98880906,12.97047529,
2021-12-03,6.544237031,76.09265826,26.36150192,746.2101543,2.377257381,137.674661,387.2539583,43.31515867,12.95221388,115.0001902
2021-12-06,,,26.80401279,762.487003,2.405524996,138.0773078,385.8309688,43.45285271,12.95159378,115.3841003
2021-12-07,6.799551357,74.21333832,26.7181908,767.5872936,2.386656665,139.5484856,,43.82854797,13.06538803,115.3234738
2021-12-08,6.926259928,74.44708115,26.65222977,785.8760323,2.36852747,139.0482675,394.0435202,43.93511944,12.89273882,115.4155466
2021-12-09,7.073408535,73.52496923,26.29270405,792.193603,,138.1316242,383.5759802,43.98243946,12.84825443,
2021-12-10,7.198880327,72.63403547,26.32145543,,,139.3251202,386.9748537,43.02830632,12.61314846,118.1249292
2021-12-13,7.471838805,72.81654117,26.45890925,790.6494189,,140.101003,385.769072,42.25367598,12.6617205,118.8119946
2021-12-14,7.610180865,,26.28006616,788.993798,2.3554601,139.5219479,,42.49443138,,119.4140225
2021-12-15,7.511283525,69.31839626,25.94057388,793.758304,2.397406643,138.0120803,391.3719588,42.3009465,12.48628887,119.0127533
2021-12-16,,69.45043021,26.06674773,792.0697545,2.405288415,140.6822897,388.8111564,42.27633909,12.24075424,119.0177325
2021-12-17,7.504793998,69.26297584,26.27459967,774.4719155,2.424884501,138.32125,388.8023667,42.51292203,12.06042597,119.2253846
2021-12-20,7.479066606,69.68782679,,780.6118353,2.443684945,138.6664052,,42.9891605,12.19726005,119.3945789
2021-12-21,7.468388961,69.80332144,25.2528801,784.8901475,2.439726002,140.6976427,395.1518643,43.80099527,12.16227231,117.54791
2021-12-22,7.312979076,69.55998207,25.91147749,771.099318,2.470369737,142.7397692,402.024474,44.37498636,12.06226642,119.6169502
2021-12-23,7.113331329,68.19990609,25.61215577,775.7463992,2.478689014,143.9005665,401.6393057,45.06617708,11.90448153,119.1178449
2021-12-24,6.906163767,68.30275933,25.58019667,767.3879833,2.467858986,142.7083653,398.7783306,44.8266453,11.91328454,119.9010495
2021-12-29,6.81256813,68.87799549,25.5283694,772.0057738,2.434957473,138.9206702,395.7710636,44.28751982,11.84647484,120.575875
2021-12-30,6.924406104,68.97347826,25.46098604,778.2704704,2.459921757,137.8588192,389.2863403,44.74626739,11.86353999,118.2653562
2021-12-31,6.986553995,68.51547659,25.58535467,765.3913806,2.458649305,137.393915,386.5180523,44.47836432,11.75214769,118.991075
2022-01-03,6.921973149,69.00831907,25.88290974,761.9159533,2.447790167,139.0835084,385.7328142,44.32271231,11.57929076,119.8837017
2022-01-04,6.956365106,70.32743843,26.05845768,758.5383169,2.4623753,142.005326,384.5535183,44.26565911,11.49214443,119.9476881
2022-01-05,6.945248076,70.54864569,25.99600834,758.0940798,2.458461909,146.8754716,377.8711139,43.74597636,11.48688328,122.3449158
2022-01-06,7.077015237,71.80113428,25.86762831,768.7778846,2.444627761,148.1698301,371.1811956,44.33013739,11.53059016,120.6030746
2022-01-07,7.126287611,71.97897508,26.01438914,771.7344565,2.426318757,150.5752486,369.4507462,45.42408792,11.33378312,119.0938387
2022-01-10,7.185463349,71.98947618,26.21721265,777.6206509,2.44180053,151.6879987,371.1778565,46.26140728,11.08473105,117.4362787
2022-01-11,7.185539197,72.45733515,25.9285067,778.5196162,2.483501743,149.9707227,371.8926739,47.35908488,11.05771185,118.6286344
2022-01-12,7.199804107,74.08118465,26.18335905,787.7475479,2.504494313,149.4628214,378.1220527,47.51507167,10.99879264,120.2315035
2022-01-13,7.171782805,75.40254076,26.30116084,777.7455271,2.493411277,152.0349972,370.7279493,49.12566283,11.06435108,120.9409995
2022-01-14,7.175014904,78.00301346,26.57097967,782.9929576,2.528622182,150.739967,366.9642325,49.24133855,11.00883545,121.1743734
2022-01-17,7.030645898,80.54831934,26.58874752,778.1711789,2.56348496,149.4923849,360.3013974,48.72584642,10.91508532,121.2533504
2022-01-18,7.002874096,81.9550137,26.52422966,774.0203797,2.618150269,147.2422186,360.0186747,49.33621368,11.15993635,121.6203163
2022-01-19,7.040248569,82.32544409,26.48728432,775.2001737,2.621179484,147.2800476,364.5243774,49.04117347,11.08950023,120.2139709
2022-01-20,7.085659933,81.66804256,26.38026765,776.4655988,2.617672629,148.0451001,367.6282706,48.49523015,11.17791634,118.1937098
2022-01-21,7.051074481,80.05689448,25.89576968,777.5148063,2.633983289,148.9904748,368.4671013,47.70321532,11.32581505,115.6010598
2022-01-24,7.09069696,80.31362479,25.91226859,775.7079434,2.595781387,148.2525129,355.5374525,47.83959259,11.51181819,113.7563568
2022-01-25,7.097891017,81.64961537,26.00706727,769.5355595,2.547038454,148.2547833,349.974822,48.5683494,11.49230333,111.5255315
2022-01-26,7.242967879,82.75085832,25.28169662,768.8064426,2.503241778,147.9632804,350.0519321,48.70586027,11.53218577,110.9808631
2022-01-27,7.217967887,83.84111363,25.30898076,765.2341005,2.488967954,145.6813596,352.4741954,48.88985704,11.57143646,113.9252956
2022-01-28,7.097199696,82.05829727,25.69465286,759.62693,2.456169573,142.4848434,355.3106008,49.00503482,11.39593231,115.2628132
2022-01-31,6.928081694,81.11907164,25.82066002,764.6723441,2.434921876,142.5291989,350.3778098,49.30315587,11.27637344,114.1636832
2022-02-01,6.827008906,81.16807163,25.66971865,771.8141384,2.386626527,142.8500226,350.6060863,50.12159136,11.08555435,113.1122801
2022-02-02,6.791797659,79.51432483,25.63675075,759.4853281,2.372958027,145.2591105,354.8451451,49.30693962,10.969004,112.2440869
2022-02-03,6.778804367,79.16958069,26.04050355,744.6762404,2.318897968,143.7050672,356.6407166,49.94739357,10.84295724,113.2706748
2022-02-04,6.834763432,77.83987877,26.12198313,748.6412342,2.268836407,141.4572977,357.5648971,51.14381385,10.73157691,111.4029793
2022-02-07,6.77726401,77.90376597,26.56884449,731.0131374,2.257822643,140.1266734,354.879997,52.187056,10.76404597,111.472867
2022-02-08,6.632170285,77.64773827,26.98323999,725.1998566,2.245115358,139.6391801,352.1393871,51.83411879,10.7005152,113.5379737
2022-02-09,6.759295538,77.32939696,27.32313621,714.5026863,2.238559008,140.1872274,349.3144044,52.12915187,10.41723867,114.5402748
2022-02-10,6.65235509,76.98424401,27.0092007,712.994417,2.233457467,140.2606532,346.124956,51.1225012,10.1535108,115.0483677
2022-02-11,6.7440402,76.80096067,27.1319257,718.832372,2.228581906,138.5579766,344.6154509,50.67414487,10.03850081,113.7341566
2022-02-14,6.73358267,77.02629801,27.61952904,718.7674331,2.25077022,136.2242568,343.2288455,51.03710275,10.1109944,112.4253457
2022-02-15,6.68448717,77.14003496,27.74465752,722.8847012,2.293107773,136.4827765,341.8951276,50.29343912,10.29905681,111.4192605
2022-02-16,6.658928264,76.63772598,28.02311127,723.9083399,2.313312629,135.3472475,340.9975709,50.07591559,10.36610305,111.8321024
2022-02-17,6.709098544,77.18143234,28.29248468,710.9269298,2.288697364,136.3798897,347.3183811,49.53715583,10.28307525,112.099373
2022-02-18,6.799893799,77.32913429,28.26196733,701.745687,2.314774967,137.3729125,349.8510282,50.5733819,10.35099086,113.0197226
2022-02-21,6.781120675,76.78506449,28.20561955,694.8863541,2.329767293,139.4938543,341.7214127,50.20063921,10.82196006,114.667569
2022-02-22,6.753223715,76.93303931,27.90987407,692.5273922,2.322519687,137.3932109,343.4848229,49.85645299,10.97302785,112.4816807
2022-02-23,6.685664329,76.53104459,27.41644667,684.9200977,2.338370454,136.5468232,349.6501454,50.16080934,11.10351617,113.49096
2022-02-24,6.567947884,76.91697827,26.72840199,689.9453356,2.322300484,136.6684182,347.8327048,50.00597652,11.29814476,114.0685533
2022-02-25,6.603067267,75.98339905,26.49081982,693.3416099,2.31088229,139.8055787,352.0854035,50.60845051,11.3950902,114.760434
2022-02-28,6.554165216,76.91868599,26.94062565,697.1119194,2.276565477,139.8087229,347.2613733,49.83472735,11.46209069,115.9816032
2022-03-01,6.779035436,77.10864027,26.47989318,701.6398044,2.292289799,141.1808514,345.3447814,49.11936097,11.60352618,115.9851762
2022-03-02,6.832043316,77.27836184,26.54424978,706.4436086,2.33958358,146.2545403,349.6725379,48.37333981,11.44501031,113.0732826
2022-03-03,6.957798783,77.3743362,26.34639266,699.4873938,2.34507709,149.4559202,352.4979461,48.92681728,11.33241439,112.5404625
2022-03-04,6.786729536,77.52469046,26.20860336,691.4786805,2.339828829,153.530826,358.0141275,49.47158657,11.41115093,113.1723354
2022-03-07,6.817982697,77.17259989,26.90486589,703.2521953,2.335308563,155.0757196,359.2770605,49.27839349,11.47143254,112.544032
2022-03-08,6.911176951,74.90859176,27.32808592,715.4791229,2.309603222,157.0363575,355.8013096,48.69209784,11.36791281,113.0414131
2022-03-09,6.908605423,74.44618517,27.39066913,731.7679113,2.209389505,155.9292618,348.3594436,49.18450886,11.11893386,114.3384123
2022-03-10,6.753032646,73.37946588,27.45986094,735.6226258,2.199518032,157.7020442,345.2457403,49.24625135,10.96242622,113.1347233
2022-03-11,6.675593471,72.77615391,27.66463617,734.0768538,2.170026928,162.3811162,342.6769889,49.5446076,10.98576065,113.9189018
2022-03-14,6.599397827,73.2098898,27.52077333,736.741543,2.161388822,164.5093221,339.2094509,48.85334778,10.9194487,113.3804301
2022-03-15,6.57334037,72.63987121,27.43998233,721.80644,2.103955308,163.8586079,339.681847,47.88638313,10.99930266,111.9789625
2022-03-16,6.604928707,72.87393518,26.678157,721.2524247,2.124104785,163.0898155,343.3782791,47.53621966,11.05668565,109.5833793
2022-03-17,6.706937345,72.55560098,26.3461334,725.5509372,2.140036286,164.4062026,346.422139,47.92979654,10.87286151,112.0098845
2022-03-18,6.665550818,72.56558546,26.34103839,714.2316279,2.155560982,163.6946436,344.3261498,47.4488736,10.78486194,112.5209072
2022-03-21,6.676892993,73.8068207,26.46130158,703.6531124,2.189296536,163.6585379,347.2529656,47.91199132,10.45321847,112.4060216
2022-03-22,6.6140679,74.31983806,26.42298756,717.5056537,2.191555779,165.1988096,349.1191457,48.57428456,10.26144479,114.7202404
2022-03-23,6.722953731,74.21764668,26.11431388,724.0578072,2.203516768,164.987756,345.1427029,49.10348452,10.15852343,115.0947611
2022-03-24,6.749838288,75.38158267,26.24751794,719.5670647,2.161729126,165.3443274,348.126373,49.56885382,10.15271633,114.4525858
2022-03-25,6.867734991,75.29094136,26.27844298,724.7449804,2.145428488,164.2817217,350.5917634,49.7538556,10.01413337,115.6138828
2022-03-28,6.966625056,75.29726371,26.50645792,720.4897529,2.150816846,160.7734854,345.7396204,49.42451346,9.974443507,116.8644945
2022-03-29,6.933134317,75.29628131,26.75823395,707.0420402,2.165486782,160.9519581,341.7810666,49.80053587,10.05140517,116.9387347
2022-03-30,6.795316221,76.56287529,26.95328746,698.3157501,2.149156378,158.0077804,344.1526399,50.39204253,9.923639358,117.1578885
2022-03-31,6.932648458,77.61212275,27.04646029,705.7369999,2.175064662,156.2284218,344.2528125,51.54481751,9.916740512,117.8085022
2022-04-01,6.926826231,77.90020791,27.03898394,704.7937105,2.236220873,150.2767301,339.1040718,52.47796239,9.989883148,117.0301399
2022-04-04,6.981348862,76.31905787,27.07578104,700.6901261,2.244163967,151.8006148,336.7362112,53.32490676,10.07297703,117.3654619
2022-04-05,7.070551547,74.35889472,27.13227877,689.6046362,2.242157759,153.5086984,334.0807624,52.24707093,10.14877348,114.2517129
2022-04-06,7.06594309,74.69578314,27.17329919,681.2705758,2.255563828,153.1395122,331.4692281,52.11449269,10.18680246,112.9657717
2022-04-07,6.969471897,73.08288689,27.08957699,675.9045111,2.290292587,150.7248464,332.6873483,51.50807302,10.10692668,111.6546104
2022-04-08,6.843506631,72.69634571,26.36053491,664.1409524,2.232075879,147.9992459,333.4296163,51.26163639,10.15214271,110.9934041
2022-04-11,6.852782623,73.45496596,26.41921541,674.1542602,2.23547981,145.7320231,329.1356136,50.87065729,10.14001468,108.8720374
2022-04-12,6.856848088,71.75787185,26.43827445,685.9974072,2.193825415,146.5251253,338.3941739,50.58233265,10.26975529,109.6164966
2022-04-13,6.775583176,71.08779137,26.46159266,695.5860294,2.143454511,144.9102236,335.9924501,49.948173,10.12648822,110.783554
2022-04-14,6.691138149,71.34293579,26.59362623,702.2833909,2.142565807,143.6834073,330.9404048,50.03242137,10.03810118,109.9070613
2022-04-15,6.807998088,71.20844422,26.31596976,699.3307661,2.192140854,142.239893,330.1524799,49.58544102,10.06046598,109.2537769
2022-04-18,6.956496572,71.10698205,26.63935768,709.3397556,2.22915548,141.8560788,335.1220032,48.09235394,10.07863055,108.7515653
2022-04-19,6.896805668,69.9193661,26.37833492,709.6466509,2.240985885,139.9874525,330.2234642,47.97397721,9.995167571,108.030363
2022-04-20,6.818387857,68.18174428,26.63050067,701.723652,2.23661613,137.675612,331.1329346,48.22469717,10.16898309,108.0482451
2022-04-21,6.870649931,66.47991717,27.01600486,699.2638896,2.207079877,133.1541725,332.8155728,49.29162137,10.40899683,107.6961714
2022-04-22,6.818798052,66.27411943,27.64451103,723.2429017,2.197942034,132.2600147,334.9371791,48.87365867,10.56731326,107.143684
2022-04-25,6.724221264,66.30081763,27.63117214,712.7429228,2.192990238,136.0691627,338.4955615,49.01729817,10.645748,106.2371491
2022-04-26,6.707454458,65.68717843,27.19868968,705.5910876,2.211675302,136.9865409,333.5776493,48.92645266,10.50230386,107.4017127
2022-04-27,6.690755225,65.2139781,27.0548528,716.5083894,2.189360386,133.893741,327.9691802,48.76502889,10.38979996,107.3183375
2022-04-28,6.619358494,64.48567173,26.79644713,731.2480972,2.124776832,132.6655272,325.9324088,47.86691647,10.27330076,108.1698311
2022-04-29,6.734404453,63.89186792,26.9258953,725.5671151,2.142403334,133.6138938,324.7849574,47.99046773,10.29344388,108.3283874
2022-05-02,6.8860366,62.73522087,26.78652759,722.2113395,2.113074814,133.2647325,330.2340931,46.82473413,10.08744132,108.3746503
2022-05-03,6.948387741,62.46319842,26.24847329,715.1430117,2.107601208,134.7653327,339.014426,46.55505121,10.03610983,110.28236
2022-05-04,6.948718009,62.23746935,26.37059439,705.7742144,2.090831257,134.535055,338.5865942,46.02309225,9.881672552,109.825308
2022-05-05,6.949467448,62.00543802,26.24574458,697.4673837,2.088590267,133.8107526,345.9109014,47.4397874,9.822993688,111.2734452
2022-05-06,6.948707034,61.35840288,25.78033624,710.659349,2.060559771,131.5500512,347.6784635,47.79465166,9.647095268,112.3165175
2022-05-09,6.966195339,59.36500584,26.32400255,696.2803073,2.054507436,131.6038646,351.3282909,47.83650028,9.674685615,112.8928734
2022-05-10,6.993030026,58.2638562,26.50622881,698.8950428,2.069807848,134.7156901,351.4751687,46.63567364,9.664008216,111.9675711
2022-05-11,6.867827223,58.36377601,26.75722255,701.9634611,2.008497824,135.0524955,358.163136,45.98813285,9.410675483,110.8025392
2022-05-12,6.875293,59.43865982,26.81420771,702.6092947,2.026337253,136.6533658,355.1715066,46.1149484,9.324418678,110.5880275
2022-05-13,6.753880634,59.19665546,27.72529092,706.1180007,2.027150722,136.8326575,358.7339927,45.71551999,9.316928799,110.4817891
2022-05-16,6.753880634,59.19665546,27.72529092,706.1180007,2.027150722,136.8326575,358.7339927,45.71551999,9.316928799,110.4817891
2022-05-17,6.624051109,59.58813499,28.85692327,704.8375218,2.042884111,139.5789335,358.4055849,46.76962085,9.525773608,109.4456673
2022-05-18,6.513274764,59.14856731,29.74087286,724.665523,2.079507421,138.4229974,359.1156553,47.02208755,9.734188222,109.418083
2022-05-19,6.549229075,58.86719129,29.88396073,728.4180439,2.069030157,139.5628084,358.8067959,47.68538714,9.869005305,109.1072774
2022-05-20,6.611768222,58.96589488,30.03058137,718.9786782,2.120314864,139.9080158,362.6244197,47.29806369,9.718843959,108.5242959
2022-05-23,6.685915306,57.34504908,30.06989466,729.1840723,2.136488484,138.0674426,357.1594659,47.20980638,9.878401384,104.2841582
2022-05-24,6.848002156,57.4926738,30.32722215,720.8788341,2.138041565,136.0338337,353.7358378,46.38255275,10.03533988,104.705135
2022-05-25,6.978741833,58.53862766,30.55064518,710.1369235,2.166858905,136.405741,343.67838,46.8974889,10.11261852,105.7049453
2022-05-26,6.910126049,59.41290996,30.06457039,701.2747506,2.184644351,137.7710398,334.9979683,47.29008067,10.113956,105.2037385
2022-05-27,6.672049079,60.26907188,29.8964088,706.9461945,2.186802833,136.6740939,327.7169278,47.19490984,10.03414598,105.4084035
2022-05-30,6.490995599,61.36401254,29.43273905,700.1582882,2.192690326,135.8770736,315.1411827,46.93521877,10.2456662,105.9236443
2022-05-31,6.602585478,61.42740748,29.40818817,706.592737,2.205453142,132.2009747,312.9398936,47.67733532,10.14023299,106.3974108
2022-06-01,6.563945883,60.93778285,29.09697273,697.5313742,2.176828783,130.5751703,304.6088274,47.80713065,10.01400685,105.0939835
2022-06-02,6.455144128,60.52770659,28.86045126,676.8814186,2.180312008,130.426217,300.2782543,47.17143438,9.894811157,103.2300728
2022-06-03,6.403896772,60.05844772,28.84749304,662.8960261,2.216243364,128.6120831,300.5733506,45.73059744,9.803851331,103.2947861
2022-06-06,6.554452108,61.12260416,28.34922257,667.2123163,2.285053355,129.8118101,303.5561274,45.20164463,9.735878214,104.3210094
2022-06-07,6.62500752,59.36973875,28.40314013,665.28848,2.380693367,130.9502574,310.8795543,44.95292063,10.00432018,106.2329324
2022-06-08,6.585178537,60.0118133,28.1786167,661.3226638,2.398892391,131.7549999,318.5510385,44.22185355,10.15149222,106.065783
2022-06-09,6.698123647,59.50948345,27.90666268,658.9156213,2.371167122,129.8809374,310.0929283,43.54046688,10.38626615,104.9896275
2022-06-10,6.69726838,60.02306231,28.05128946,660.6652348,2.36807265,129.5362591,310.2708975,43.36068931,10.65830988,105.724946
2022-06-13,6.689074869,60.54911629,28.24659655,648.4408156,2.34041396,128.4018782,310.7058179,43.75086319,10.78960128,107.0444377
2022-06-14,6.709127899,59.09263087,27.84879853,649.7134653,2.303046688,130.8437395,300.3597181,43.11042642,10.76838105,106.9457298
2022-06-15,6.68014688,58.2955333,28.06401301,653.7010099,2.322082731,132.633684,296.5812579,42.56514652,10.95714995,106.5782901
2022-06-16,6.586039168,58.64890695,28.37145249,657.9780648,2.345673928,131.6415866,297.3479872,42.47575872,10.92474352,109.6423721
2022-06-17,6.558535226,58.59897098,28.79842056,665.3121191,2.374388875,133.3403399,288.2544142,42.57900099,11.01368545,113.6657295
2022-06-20,6.552928122,59.84157505,29.29468357,664.985799,2.387199346,131.5508795,280.0373699,42.1613231,10.898836,114.4309729
2022-06-21,6.614980995,60.2558771,29.39921721,656.5932158,2.360934437,133.7541406,274.5168703,42.07041069,10.94480947,113.0967614
2022-06-22,6.73939225,59.65434829,29.78915915,657.9361013,2.378469777,132.3283907,276.4081619,41.30386076,10.87130675,112.2803254
2022-06-23,6.740191138,58.96661828,30.04317281,661.46731,2.34719484,131.1569429,281.509911,41.33779149,10.99559294,110.6621507
2022-06-24,6.743083109,59.23895016,30.1046085,640.2333431,2.325262832,129.9812937,286.7299411,41.6196488,11.21172208,110.264636
2022-06-27,6.803752707,60.58435767,29.94366516,630.652374,2.274078898,131.7813077,290.5931089,40.9997447,11.33869987,110.7237308
2022-06-28,6.782767044,60.73352886,29.35834249,618.9841766,2.265450032,130.5171126,300.7867686,40.49654883,11.06652331,112.4891372
2022-06-29,6.869200701,61.88086383,29.86755244,595.3063502,2.264880019,128.8294572,303.5108658,40.937173,11.08787552,111.0377896
2022-06-30,6.891108057,62.47041128,30.26075823,580.080282,2.288666673,128.2562008,300.5218665,40.47215955,11.22531144,109.6192374
2022-07-01,6.962404787,61.63881175,30.16022461,574.4728501,2.255625816,129.0318901,292.8249632,39.60968227,11.21491794,108.2948346
2022-07-04,6.888680242,59.73037699,30.27405574,572.4280871,2.313127734,128.8989887,290.7035386,40.26935793,11.19726882,106.0885072
2022-07-05,6.894319752,58.59070925,30.4986874,573.774901,2.332479529,125.7894782,286.3915478,40.71515167,11.15016595,104.9963984
2022-07-06,6.810267384,58.1938268,31.37109546,575.2505761,2.316175114,125.2936326,287.0635196,40.6349164,11.40445836,106.1827294
2022-07-07,6.762742032,58.0603943,32.19805736,575.9788401,2.319519261,125.8655469,282.3666697,41.34579149,11.33341371,108.596342
2022-07-08,6.688918174,58.15708352,31.91895866,568.5584458,2.344016231,126.5723924,281.4983602,41.3499053,11.24648099,107.8127346
2022-07-11,6.612541608,58.50395486,31.41473665,575.6552018,2.356196824,127.8937206,281.6874225,41.39291522,11.09072345,107.0583084
2022-07-12,6.515268015,57.62329398,30.86814645,588.3374449,2.335425294,129.0946106,278.5995237,41.23708204,11.12122297,109.4275148
2022-07-13,6.467536314,57.55602946,30.86762728,590.178922,2.327736563,128.245662,281.3576549,41.49896636,11.17057909,109.6403205
2022-07-14,6.547091681,55.15204377,31.50306267,581.1689565,2.344730339,126.2658138,282.0608689,41.61974964,11.2189029,110.2165089
2022-07-15,6.565670956,54.30718783,31.49699334,574.8949154,2.365619487,126.1165985,283.6642638,41.82295585,11.03005827,109.7887693
2022-07-18,6.632509684,54.10554607,30.69940108,572.8483347,2.360095407,124.8767022,282.1921841,41.53059761,11.01522069,108.2898753
2022-07-19,6.632556661,54.95588589,30.78156494,563.336376,2.374090632,124.733809,281.4133473,42.17113457,10.84134247,109.1050468
2022-07-20,6.694026584,55.58418521,30.51558579,570.4740703,2.390955749,124.8709413,284.3424691,41.97011485,10.76968721,109.4051849
2022-07-21,6.800206811,56.00749108,30.2967899,567.5309569,2.407769143,124.7931899,284.6298921,42.7049413,10.75988346,107.4900215
2022-07-22,7.009056546,56.02977315,30.20539918,569.06234,2.371660374,127.2492274,291.2163186,42.19062372,10.86030329,106.3713803
2022-07-25,7.037417467,56.38603531,30.15444229,561.4063471,2.314990667,125.5056441,292.4918708,41.70421295,10.90180361,104.153852
2022-07-26,7.227920482,57.47152413,30.13587068,560.2384088,2.29862139,124.7118214,289.1878908,41.21087812,10.89227639,102.8947767
2022-07-27,7.323034466,57.72974115,29.47084039,562.1882309,2.247740506,122.8191217,289.9622449,40.64550931,10.9063732,104.1378672
2022-07-28,7.505891491,59.04653445,28.65171623,573.150239,2.21249597,121.5757308,286.9311104,39.30641376,10.99400124,103.0453122
2022-07-29,7.535432179,59.18597882,27.7533004,564.7134269,2.236166013,120.5689746,292.0432566,39.65961503,11.18605694,101.6327819
2022-08-01,7.623796495,59.32660661,26.69283026,562.6555847,2.225494364,120.0359951,290.8853185,40.09842799,11.28033807,101.6961941
2022-08-02,7.65859328,59.70343046,25.75087253,545.5819606,2.228284356,121.5628561,287.2373036,39.72672255,11.49226133,100.4518196
2022-08-03,7.598154438,60.60032105,25.68299832,534.5279899,2.265144007,123.5627998,285.1681927,40.28623084,11.70057521,99.86763482
2022-08-04,7.616040329,61.82109182,25.60831368,530.13334,2.290713655,124.3113548,292.5195807,39.99181992,11.74234748,99.75653668
2022-08-05,7.830932535,62.96018748,26.10049643,516.368891,2.323939782,123.2312714,296.9160563,40.41533604,11.73016806,99.53581421
2022-08-08,7.918832103,63.29186642,26.31274291,512.4514114,2.362637804,119.8621522,301.0330737,41.42091531,11.61691559,100.8374542
2022-08-09,7.963832635,64.35288726,26.10799717,517.943907,2.388822567,119.4537786,306.5467023,41.75978345,11.50819005,99.51283673
2022-08-10,7.94528262,64.65539661,25.8935806,517.3336348,2.339955724,121.4095427,311.8062085,41.55323655,11.45705729,100.4479825
2022-08-11,7.986442382,64.43501123,25.27663189,534.1125937,2.296613045,121.8479387,311.84373,42.1674921,11.25525221,100.4412912
2022-08-12,7.96079799,64.22023559,25.11976517,543.1784646,2.263724653,123.1128493,309.6988044,42.52320616,11.3879268,102.2363653
2022-08-15,7.908718106,63.94886613,24.79827411,540.3138396,2.303637607,125.847745,314.0256723,42.31554457,11.47055969,103.2135477
2022-08-16,8.004139241,62.93795023,24.54672638,538.5692066,2.361293722,125.7609273,312.8510012,42.13562402,11.79014529,102.7740413
2022-08-17,7.954747664,63.79725847,24.70347858,529.0512391,2.361179675,123.620554,315.8596365,41.85733065,11.92944758,103.2352159
2022-08-18,7.847102465,62.5471308,24.72019675,527.8579325,2.365820946,121.4861837,315.9353206,41.54865624,12.10016391,105.3974942
2022-08-19,7.826441852,62.82021044,24.37816588,526.3511779,2.37287764,120.3834256,318.9269345,40.30201725,12.19886907,107.5739123
2022-08-22,7.871842772,62.40173013,24.74878064,514.7431585,2.399066403,121.5002704,321.3489374,40.21040714,12.28668085,108.2254646
2022-08-23,7.840229513,62.37426291,24.95372728,517.1059952,2.415507122,121.7664487,324.1073045,39.80950598,12.25218829,110.2390574
2022-08-24,7.662704701,61.66259231,25.02410458,524.8451614,2.465640766,117.7788043,324.4592414,38.92954651,12.18595874,112.6608559
2022-08-25,7.581069983,61.04158153,25.47834429,534.8565055,2.527121422,116.6375278,326.3572881,38.69273137,12.1418942,115.3311126
2022-08-26,7.475372245,61.22303605,25.6021666,550.0527119,2.50425814,115.461811,330.9475368,38.48363521,12.05015656,115.3476337
2022-08-29,7.390737751,61.60682675,25.39670929,560.5253674,2.478549582,116.3431217,329.5862618,38.57282377,12.3181446,116.8555786
2022-08-30,7.364823362,62.30724128,25.23926842,568.585751,2.43576692,118.0982263,324.779562,38.47841525,12.79093847,116.9200716
2022-08-31,7.487010648,62.51147159,25.38535473,574.2352739,2.399438417,118.6474401,321.3970866,37.98325965,12.98074791,116.9906796
2022-09-01,7.377043571,61.52095192,25.5699942,577.5221696,2.415786281,117.7790569,318.2304678,38.62302231,13.2262084,116.1184155
2022-09-02,7.298013879,59.31473978,25.33734026,567.2708906,2.388083892,113.8955238,311.1340885,39.05780633,13.28249279,114.9576206
2022-09-05,7.253890014,59.03484916,25.53207052,576.5235642,2.310382356,112.2407414,307.519903,39.75943332,13.13063132,117.0000508
2022-09-06,7.105742874,58.48938841,26.01870121,584.0365799,2.288507185,109.6898525,296.8379253,40.13549961,13.24085881,117.0724832
2022-09-07,7.04379747,59.19739475,26.38298167,594.8711891,2.230535115,109.9577246,297.7178605,40.17834392,13.32333994,120.076185
2022-09-08,7.190681393,58.50831968,26.53061666,608.4471349,2.200041747,109.2986037,302.4714515,40.2260326,13.43914586,120.3584488
2022-09-09,7.296001998,59.05661246,26.6702246,598.1651795,2.189588428,109.7836841,304.9492134,40.45208234,13.54063226,119.9045226
2022-09-12,7.277804694,59.10961255,27.19710985,599.0285094,2.210718579,108.4545409,311.2918559,40.16778438,13.53888333,118.8437361
2022-09-13,7.170028846,58.69259162,27.08482162,594.2842739,2.206036804,106.4096606,313.6412447,40.74858084,13.59907097,118.41009
2022-09-14,7.078810109,59.12362489,27.31045989,585.5203874,2.213636869,108.0390929,314.0133347,39.8667573,13.62706385,117.7475644
2022-09-15,6.951395371,58.90372382,27.22024332,574.9092316,2.228192166,108.6453853,317.1203504,39.39043726,13.86200435,115.7849365
2022-09-16,7.013443419,58.42287473,26.93000329,574.5312483,2.237970802,108.3614663,320.1123657,38.95781919,13.66179411,114.953777
2022-09-19,6.934153364,57.68099783,26.99769598,574.6968936,2.24411482,108.3523572,322.5207876,39.44468245,13.43233775,115.6772642
2022-09-20,6.999167376,56.10093055,26.9262393,571.154879,2.287237887,110.393904,326.3757452,40.16199289,13.09634953,115.5226045
2022-09-21,7.129363974,55.8512382,27.26707568,579.7776756,2.287086431,111.3412647,332.0962354,39.8570752,13.12649737,114.057577
2022-09-22,7.140447257,55.21847395,27.19703232,572.570368,2.287715983,111.6177146,333.9187287,39.57928059,13.04947506,115.7179109
2022-09-23,7.316130375,54.82354504,27.54743562,565.440827,2.254058365,112.3295312,339.8416958,39.14583132,13.09959741,116.7558476
2022-09-26,7.39004774,54.92648026,27.97944881,565.4491633,2.18379093,111.6789172,338.1689305,38.4577288,13.12145087,118.5690774
2022-09-27,7.56577366,56.22271939,28.24222893,554.8171321,2.181729012,111.09007,342.3356219,38.6233554,13.01730788,121.2640483
2022-09-28,7.752431042,58.53320426,27.80718101,545.4890985,2.225149203,113.8231056,339.9807899,38.30044199,13.16553444,124.4234612
2022-09-29,7.724285973,59.23959716,27.75993496,533.0354983,2.249014571,114.2085868,342.688272,38.09708292,12.7730316,127.7842588
2022-09-30,7.555742791,58.47659812,28.04211262,518.9842497,2.188567123,115.1465196,343.912044,37.87294307,12.69835661,127.4528982
2022-10-03,7.715766337,58.71898475,28.67918783,506.2850946,2.168199428,113.6725313,347.9778582,37.89105576,12.48362776,126.5082542
2022-10-04,7.692714769,58.8591612,28.82517902,504.0513148,2.11454816,112.1394629,354.2374248,38.15121739,12.44225028,127.6206244
2022-10-05,7.734750422,58.79588457,28.86164935,497.6422795,2.140714337,111.8346013,353.6115002,38.16796658,12.62277166,127.0390511
2022-10-06,7.716247838,58.9460854,29.27229436,495.3910165,2.197988217,111.7462992,348.9837938,38.23975803,12.6867563,124.9563355
2022-10-07,7.708504791,58.6475215,29.20472,496.8269048,2.220584471,114.5759485,347.9744389,38.31057969,12.37671863,123.5832507
2022-10-10,7.727517314,57.59059054,28.94721613,500.266698,2.268330694,112.9677108,352.6182542,38.9646907,12.25247762,123.354276
2022-10-11,7.637996496,57.26227412,28.98236315,499.5880226,2.257878608,113.2124711,361.7481165,39.55720667,12.38630847,122.8901422
2022-10-12,7.627676667,56.74994562,29.3221377,500.39322,2.226848573,110.6240953,370.0383962,39.26078186,12.46094865,125.071726
2022-10-13,7.47014597,56.37284702,29.6056413,505.0380153,2.251975092,110.4828557,374.869238,39.82162426,12.32217715,127.7847808
2022-10-14,7.353626874,54.65961964,29.13921496,502.8548147,2.253572283,110.1368944,378.9799684,40.38138044,12.29282422,128.5290647
2022-10-17,7.376231678,54.92338939,29.14096962,499.7476325,2.247191259,111.5561307,376.8473358,41.115712,12.33612101,129.4256914
2022-10-18,7.61605254,54.64277621,29.70976888,493.0972221,2.225537314,112.7814965,379.4683641,41.67267434,12.31194428,128.9104609
2022-10-19,7.622963257,54.6735498,29.59308635,489.6108154,2.253343389,111.9619212,379.1418969,42.10151622,12.02952664,128.6342626
2022-10-20,7.477172776,54.73833076,30.0362052,478.5499677,2.230404972,112.8923544,382.6095648,42.37733003,11.67911688,127.0707185
2022-10-21,7.365330176,53.85924397,30.58185562,471.6406964,2.250724618,111.0170362,381.5801367,41.65714619,11.50224032,125.2041697
2022-10-24,7.334175081,53.59365492,31.21738622,470.5063333,2.264588855,108.9000001,379.1262543,42.77519093,11.37816102,126.9142316
2022-10-25,7.182468751,52.9317575,31.52663838,456.8199515,2.30739303,107.8257872,380.3949908,43.02509824,11.42816783,128.5369864
2022-10-26,7.056489002,54.01393504,32.19162835,447.9316714,2.284555322,109.0657618,377.729465,43.26222794,11.3496411,126.7818845
2022-10-27,6.981882317,54.61977451,32.52292815,431.0810266,2.255239616,109.4242851,378.576228,43.6648145,11.4606641,126.1889437
2022-10-28,6.925612216,54.75538617,32.63539216,439.6814554,2.257141987,108.996926,375.1950045,43.12388542,11.29688982,126.4051373
2022-10-31,7.065453787,53.65652875,32.29166243,432.2537292,2.260349929,107.6116354,370.6312935,43.94251925,10.92773234,126.8083821
2022-11-01,7.121731763,55.43897325,32.17843747,431.3416937,2.273141573,105.2380067,370.9369428,44.3768569,11.14921315,126.8979752
2022-11-02,7.16577739,56.99369814,31.68252737,430.8352112,2.262424635,104.5018381,378.4231063,43.90881228,11.17753689,126.3806473
2022-11-03,7.12675464,56.90244398,31.68859273,435.2551357,2.223094958,104.3627292,385.6049105,43.14825916,11.33661004,129.5646424
2022-11-04,7.201345259,56.83799144,31.22221774,427.4063712,2.187382509,102.6042607,391.9025451,44.03099815,11.35582014,130.0594606
2022-11-07,7.20600026,57.45131528,30.82260561,423.7073944,2.203908105,103.6277509,393.2430991,44.81254611,11.39269389,128.3381333
2022-11-08,7.086953854,58.46551814,30.63852274,418.9107827,2.201377122,103.951946,392.9170975,44.42649274,11.30282252,128.8516446
2022-11-09,7.044087262,58.28820808,30.65856672,414.4166653,2.207471913,103.0498771,399.0363729,44.32740393,11.09454551,128.0601223
2022-11-10,7.084764801,58.0866963,30.66204873,406.852134,2.214735129,102.9177482,404.0395893,43.63376984,11.1624964,126.5078987
2022-11-11,7.206386675,57.80035382,30.38043538,407.8587557,2.196349767,103.8514121,406.8635376,43.46225976,11.19322348,126.6357611
2022-11-14,7.164333101,57.25887837,30.63449111,405.5860642,2.194542193,102.1046665,403.0012574,44.05860961,11.10368407,126.4726724
2022-11-15,7.081517412,56.35489952,30.70426524,401.6848362,2.201132175,102.0592408,404.492443,43.89116555,10.96913289,125.9710502
2022-11-16,7.18276522,55.93073127,30.02080603,403.820673,2.174553408,99.97268789,408.2685675,45.19304671,10.6947413,127.2446211
2022-11-17,7.3237102,55.27380503,30.15116809,411.1659312,2.117197047,98.63866214,395.4430723,46.13775671,10.58126806,130.8863029
2022-11-18,7.343682032,54.24934621,30.08638454,420.2871344,2.134041969,99.41017362,394.6098942,47.04473042,10.57809519,131.4563371
2022-11-21,7.309760181,52.93880609,29.72635451,435.699401,2.110166763,99.28431674,397.4500494,48.13050638,10.54889358,132.8056662
2022-11-22,7.445185176,52.34378865,30.12725967,436.3081351,2.138240109,99.90960738,395.4721876,47.74050544,10.51968301,130.5996545
2022-11-23,7.427505393,51.67056575,30.11640496,446.1320353,2.168101575,100.4434184,400.3250568,47.78213868,10.51703544,130.8079852
2022-11-24,7.520957107,51.48369874,29.9593211,454.5244933,2.131317439,101.3984878,400.6262345,47.04123136,10.59472925,128.2533136
2022-11-25,7.528356089,51.20979629,30.37043323,464.7591878,2.10308506,103.5988918,408.9407546,46.85640837,10.38964343,127.7521692
2022-11-28,7.649958999,51.83504475,30.44777401,459.8312721,2.08342422,102.9890199,413.6882609,47.91645346,10.52828895,128.3698449
2022-11-29,7.829634997,50.8550445,30.20933755,463.27302,2.105238666,103.0117182,413.2320812,48.3961086,10.49713699,124.56321
2022-11-30,8.126942236,51.74545015,30.06413032,472.2201661,2.055777157,101.1102343,420.9280008,48.50394673,10.5427632,123.3480399
2022-12-01,8.247615598,51.95495507,30.45977493,480.9126205,1.998026124,99.21955469,423.1700978,48.21117891,10.41273464,122.7296314
2022-12-02,8.366725189,52.64176982,30.0977838,475.8726092,1.965719868,100.3743465,423.3037693,48.37022956,10.19670256,122.1969036
2022-12-05,8.355089083,53.23826116,29.08502184,475.5752097,1.926554575,101.595702,427.3533385,49.03805238,10.07934836,121.3328921
2022-12-06,8.34408581,53.55667518,28.61232809,480.8415726,1.904310414,99.67665414,428.325356,49.08069384,10.04945763,121.8618816
2022-12-07,8.367016868,53.55847103,28.16182871,480.9512172,1.928677473,102.4122841,428.7350343,49.17300271,10.05638069,122.3292728
2022-12-08,8.443711119,53.33874178,27.79527357,480.4153584,1.956771043,103.5240866,422.5895458,50.22074145,10.22670507,123.6186905
2022-12-09,8.463089677,53.18726446,27.12234977,489.3374693,1.963084668,105.1242405,417.4615742,50.42490539,10.23271397,125.8881138
2022-12-12,8.496990139,54.62620224,27.40482909,489.0586491,2.00266869,103.9727762,415.3164729,51.53103126,10.22111806,125.295471
2022-12-13,8.600871577,53.82186066,27.71732307,493.2417884,1.998693479,104.5026015,412.5170898,52.68018318,10.20039575,125.2193588
